<?xml version="1.0" encoding="UTF-8" standalone="yes"?>
<addon id="script.module.streamlink" name="Streamlink Library" version="2.0.0+matrix.1" provider-name="jairox">
  <requires>  
	  <import addon="xbmc.python" version="3.0.0"/>
    <import addon="script.module.requests"/>
    <import addon="script.module.six"/>
    <import addon="script.module.iso3166"/>
    <import addon="script.module.iso639"/>
    <import addon="script.module.websocket"/>
    <import addon="script.module.isodate"/>
    <import addon="script.module.pycryptodome" version="3.4.3"/>
  </requires>
  <extension point="xbmc.python.module" library="resources/lib/"/>
  <extension point="xbmc.addon.metadata">
    <summary>Streamlink Library</summary>
    <description>Streamlink repacked for Kodi</description>
    <language></language>
    <platform>all</platform>
    <license>BSD 2-Clause Simplified License</license>
    <website>https://streamlink.github.io</website>
    <source>https://github.com/streamlink</source>
   <news>
    2.0.0
    - drop py2 support, see changelog
    1.7.0
    - please refer to changelog
    1.3.1.12
    - Python 3 Matrix Nighlty compatibility
    1.3.1.11
    - Streamlink 1.3.1.11
    - Python3 issues on Kodi
    1.3.0
    - Streamlink 1.3.0 with CLI folder
    </news>
    <assets>
      <icon>resources/icon.png</icon>
    </assets>
  </extension>
</addon>
